CREATE TABLE IF NOT EXISTS therapists (
    id UUID PRIMARY KEY,
    first_name VARCHAR(100) NOT NULL,
    last_name VARCHAR(100) NOT NULL,
    daily_start_hour INTERVAL NOT NULL DEFAULT '08:00:00',
    daily_end_hour INTERVAL NOT NULL DEFAULT '17:00:00',
    lunch_start INTERVAL NOT NULL DEFAULT '12:00:00',
    lunch_end INTERVAL NOT NULL DEFAULT '13:00:00',
    default_appointment_duration_minutes INT NOT NULL DEFAULT 30,
    specialty VARCHAR(50) NOT NULL
);

CREATE TABLE IF NOT EXISTS patients (
    id UUID PRIMARY KEY,
    first_name VARCHAR(100) NOT NULL,
    last_name VARCHAR(100) NOT NULL
);

CREATE TABLE IF NOT EXISTS termins (
    id UUID PRIMARY KEY,
    start_time TIMESTAMP NOT NULL,
    end_time TIMESTAMP NOT NULL,
    status VARCHAR(20) NOT NULL,
    patient_id UUID NOT NULL REFERENCES patients(id),
    therapist_id UUID NOT NULL REFERENCES therapists(id)
);

-- 3 Therapists
INSERT INTO therapists (id, first_name, last_name, daily_start_hour, daily_end_hour, lunch_start, lunch_end, default_appointment_duration_minutes, specialty) VALUES
    ('00000000-0000-0000-0000-000000000001', 'Anna', 'Muster', '08:00:00', '17:00:00', '12:00:00', '13:00:00', 30, 'Physiotherapie'),
    ('00000000-0000-0000-0000-000000000002', 'Bernd', 'Beispiel', '08:00:00', '17:00:00', '12:00:00', '13:00:00', 30, 'Ergotherapie'),
    ('00000000-0000-0000-0000-000000000003', 'Carla', 'Therap', '08:00:00', '17:00:00', '12:00:00', '13:00:00', 30, 'Logopädie');

-- 10 Patients
INSERT INTO patients (id, first_name, last_name) VALUES
    ('00000000-0000-0000-0000-000000000101', 'Clara', 'Test'),
    ('00000000-0000-0000-0000-000000000102', 'David', 'Probe'),
    ('00000000-0000-0000-0000-000000000103', 'Eva', 'Demo'),
    ('00000000-0000-0000-0000-000000000104', 'Felix', 'Dummy'),
    ('00000000-0000-0000-0000-000000000105', 'Gina', 'Sample'),
    ('00000000-0000-0000-0000-000000000106', 'Hugo', 'Testmann'),
    ('00000000-0000-0000-0000-000000000107', 'Iris', 'Versuch'),
    ('00000000-0000-0000-0000-000000000108', 'Jonas', 'Beispiel'),
    ('00000000-0000-0000-0000-000000000109', 'Klara', 'Testfrau'),
    ('00000000-0000-0000-0000-000000000110', 'Lars', 'Proband');

-- 15 Termins (appointments)
INSERT INTO termins (id, start_time, end_time, status, patient_id, therapist_id) VALUES
    ('00000000-0000-0000-0000-000000001001', '2025-07-14T09:00:00', '2025-07-14T09:30:00', 'Created', '00000000-0000-0000-0000-000000000101', '00000000-0000-0000-0000-000000000001'),
    ('00000000-0000-0000-0000-000000001002', '2025-07-14T10:00:00', '2025-07-14T10:30:00', 'Confirmed', '00000000-0000-0000-0000-000000000102', '00000000-0000-0000-0000-000000000001'),
    ('00000000-0000-0000-0000-000000001003', '2025-07-14T11:00:00', '2025-07-14T11:30:00', 'Canceled', '00000000-0000-0000-0000-000000000103', '00000000-0000-0000-0000-000000000001'),
    ('00000000-0000-0000-0000-000000001004', '2025-07-14T13:00:00', '2025-07-14T13:30:00', 'Confirmed', '00000000-0000-0000-0000-000000000104', '00000000-0000-0000-0000-000000000002'),
    ('00000000-0000-0000-0000-000000001005', '2025-07-14T14:00:00', '2025-07-14T14:30:00', 'Created', '00000000-0000-0000-0000-000000000105', '00000000-0000-0000-0000-000000000002'),
    ('00000000-0000-0000-0000-000000001006', '2025-07-14T15:00:00', '2025-07-14T15:30:00', 'Confirmed', '00000000-0000-0000-0000-000000000106', '00000000-0000-0000-0000-000000000002'),
    ('00000000-0000-0000-0000-000000001007', '2025-07-15T09:00:00', '2025-07-15T09:30:00', 'Created', '00000000-0000-0000-0000-000000000107', '00000000-0000-0000-0000-000000000003'),
    ('00000000-0000-0000-0000-000000001008', '2025-07-15T10:00:00', '2025-07-15T10:30:00', 'Confirmed', '00000000-0000-0000-0000-000000000108', '00000000-0000-0000-0000-000000000003'),
    ('00000000-0000-0000-0000-000000001009', '2025-07-15T11:00:00', '2025-07-15T11:30:00', 'Canceled', '00000000-0000-0000-0000-000000000109', '00000000-0000-0000-0000-000000000003'),
    ('00000000-0000-0000-0000-000000001010', '2025-07-15T13:00:00', '2025-07-15T13:30:00', 'Confirmed', '00000000-0000-0000-0000-000000000110', '00000000-0000-0000-0000-000000000001'),
    ('00000000-0000-0000-0000-000000001011', '2025-07-15T14:00:00', '2025-07-15T14:30:00', 'Created', '00000000-0000-0000-0000-000000000101', '00000000-0000-0000-0000-000000000002'),
    ('00000000-0000-0000-0000-000000001012', '2025-07-15T15:00:00', '2025-07-15T15:30:00', 'Confirmed', '00000000-0000-0000-0000-000000000102', '00000000-0000-0000-0000-000000000003'),
    ('00000000-0000-0000-0000-000000001013', '2025-07-16T09:00:00', '2025-07-16T09:30:00', 'Created', '00000000-0000-0000-0000-000000000103', '00000000-0000-0000-0000-000000000001'),
    ('00000000-0000-0000-0000-000000001014', '2025-07-16T10:00:00', '2025-07-16T10:30:00', 'Confirmed', '00000000-0000-0000-0000-000000000104', '00000000-0000-0000-0000-000000000002'),
    ('00000000-0000-0000-0000-000000001015', '2025-07-17T09:00:00', '2025-07-17T09:30:00', 'Created', '00000000-0000-0000-0000-000000000101', '00000000-0000-0000-0000-000000000001'),
    ('00000000-0000-0000-0000-000000001016', '2025-07-17T10:00:00', '2025-07-17T10:30:00', 'Confirmed', '00000000-0000-0000-0000-000000000102', '00000000-0000-0000-0000-000000000001'),
    ('00000000-0000-0000-0000-000000001017', '2025-07-17T11:00:00', '2025-07-17T11:30:00', 'Canceled', '00000000-0000-0000-0000-000000000103', '00000000-0000-0000-0000-000000000001'),
    ('00000000-0000-0000-0000-000000001018', '2025-07-17T13:00:00', '2025-07-17T13:30:00', 'Confirmed', '00000000-0000-0000-0000-000000000104', '00000000-0000-0000-0000-000000000002'),
    ('00000000-0000-0000-0000-000000001019', '2025-07-17T14:00:00', '2025-07-17T14:30:00', 'Created', '00000000-0000-0000-0000-000000000105', '00000000-0000-0000-0000-000000000002'),
    ('00000000-0000-0000-0000-000000001020', '2025-07-17T15:00:00', '2025-07-17T15:30:00', 'Confirmed', '00000000-0000-0000-0000-000000000106', '00000000-0000-0000-0000-000000000002'),
    ('00000000-0000-0000-0000-000000001021', '2025-07-18T09:00:00', '2025-07-18T09:30:00', 'Created', '00000000-0000-0000-0000-000000000107', '00000000-0000-0000-0000-000000000003'),
    ('00000000-0000-0000-0000-000000001022', '2025-07-18T10:00:00', '2025-07-18T10:30:00', 'Confirmed', '00000000-0000-0000-0000-000000000108', '00000000-0000-0000-0000-000000000003'),
    ('00000000-0000-0000-0000-000000001023', '2025-07-18T11:00:00', '2025-07-18T11:30:00', 'Canceled', '00000000-0000-0000-0000-000000000109', '00000000-0000-0000-0000-000000000003'),
    ('00000000-0000-0000-0000-000000001024', '2025-07-18T13:00:00', '2025-07-18T13:30:00', 'Confirmed', '00000000-0000-0000-0000-000000000110', '00000000-0000-0000-0000-000000000001'),
    ('00000000-0000-0000-0000-000000001025', '2025-07-19T14:00:00', '2025-07-19T14:30:00', 'Created', '00000000-0000-0000-0000-000000000101', '00000000-0000-0000-0000-000000000002'),
    ('00000000-0000-0000-0000-000000001026', '2025-07-19T15:00:00', '2025-07-19T15:30:00', 'Confirmed', '00000000-0000-0000-0000-000000000102', '00000000-0000-0000-0000-000000000003'),
    ('00000000-0000-0000-0000-000000001027', '2025-07-19T09:00:00', '2025-07-19T09:30:00', 'Created', '00000000-0000-0000-0000-000000000103', '00000000-0000-0000-0000-000000000001'),
    ('00000000-0000-0000-0000-000000001028', '2025-07-19T10:00:00', '2025-07-19T10:30:00', 'Confirmed', '00000000-0000-0000-0000-000000000104', '00000000-0000-0000-0000-000000000002');
